clade	gene	site	alt
1	nuc	615938	A
1.1	nuc	4404247	A
1.1.1	nuc	3021283	A
1.1.1.1	nuc	3216553	A
1.1.2	nuc	26222402	A
1.1.3	nuc	1491275	A
			
1.2.1	nuc	3479545	A
1.2.2	nuc	3470377	T
2	nuc	497491	A
2.1	nuc	1881090	T
2.2	nuc	2505085	A
2.2.1	nuc	797736	T
2.2.1.1	nuc	4248115	T
2.2.1.2	nuc	3836274	A
2.2.2	nuc	346693	T
3	nuc	3273107	A
			
3.1.1	nuc	1084911	A
3.1.2	nuc	3722702	C
3.1.2.1	nuc	1237818	G
3.1.2.2	nuc	2874344	A
4	nuc	931123	T
4.1	nuc	62657	A
4.1.1	nuc	514245	T
4.1.1.1	nuc	1850119	T
4.1.1.2	nuc	541048	G
4.1.1.3	nuc	4229087	T
4.1.2	nuc	891756	G
4.1.2.1	nuc	107794	T
4.2	nuc	2411730	C
4.2.1	nuc	783601	C
4.2.2	nuc	1487796	A
4.2.2.1	nuc	1455780	C
4.3	nuc	764995	G
4.3.1	nuc	615614	A
4.3.2	nuc	4316114	A
4.3.2.1	nuc	3388166	G
4.3.3	nuc	403364	A
4.3.4	nuc	3977226	A
4.3.4.1	nuc	4398141	A
4.3.4.2	nuc	1132368	T
4.3.4.2.1	nuc	1502120	A
4.4	nuc	4307886	A
4.4.1	nuc	4151558	A
4.4.1.1	nuc	355181	A
4.4.1.2	nuc	2694560	C
4.4.2	nuc	4246508	A
4.5	nuc	1719757	T
4.6	nuc	3466426	A
4.6.1	nuc	4260268	C
4.6.1.1	nuc	874787	A
4.6.1.2	nuc	1501468	C
4.6.2	nuc	4125058	C
4.6.2.1	nuc	3570528	G
4.6.2.2	nuc	2875883	T
4.7	nuc	4248732	G
4.8	nuc	3836739	A
4.9	nuc	1759252	G
5	nuc	1799921	A
6	nuc	1816587	G
Bovis	nuc	2831482	G
Bovis_afri	nuc	1882180	T
7	nuc	1137518	A